[
  {
    "code": "DZ",
    "name": "Algeria",
    "code_alpha3": "DZA",
    "code_alpha3_numeric": "012",
    "region": "africa",
    "sub_region": "northern_africa"
  },
  {
    "code": "AS",
    "name": "American Samoa",
    "code_alpha3": "ASM",
    "code_alpha3_numeric": "016",
    "region": "oceania",
    "sub_region": "polynesia"
  },
  {
    "code": "AD",
    "name": "Andorra",
    "code_alpha3": "AND",
    "code_alpha3_numeric": "020",
    "region": "europe",
    "sub_region": "southern_europe"
  },
  {
    "code": "AO",
    "name": "Angola",
    "code_alpha3": "AGO",
    "code_alpha3_numeric": "024",
    "region": "africa",
    "sub_region": "middle_africa"
  },
  {
    "code": "AI",
    "name": "Anguilla",
    "code_alpha3": "AIA",
    "code_alpha3_numeric": "660",
    "region": "americas",
    "sub_region": "caribbean"
  },
  {
    "code": "AQ",
    "name": "Antarctica",
    "code_alpha3": "ATA",
    "code_alpha3_numeric": "010",
    "region": "polar",
    "sub_region": null
  },
  {
    "code": "AG",
    "name": "Antigua and Barbuda",
    "code_alpha3": "ATG",
    "code_alpha3_numeric": "028",
    "region": "americas",
    "sub_region": "caribbean"
  },
  {
    "code": "AR",
    "name": "Argentina",
    "code_alpha3": "ARG",
    "code_alpha3_numeric": "032",
    "region": "americas",
    "sub_region": "south_america"
  },
  {
    "code": "AM",
    "name": "Armenia",
    "code_alpha3": "ARM",
    "code_alpha3_numeric": "051",
    "region": "asia",
    "sub_region": "western_asia"
  },
  {
    "code": "AW",
    "name": "Aruba",
    "code_alpha3": "ABW",
    "code_alpha3_numeric": "533",
    "region": "americas",
    "sub_region": "caribbean"
  },
  {
    "code": "AU",
    "name": "Australia",
    "code_alpha3": "AUS",
    "code_alpha3_numeric": "036",
    "region": "oceania",
    "sub_region": "australiaand_new_zealand"
  },
  {
    "code": "AT",
    "name": "Austria",
    "code_alpha3": "AUT",
    "code_alpha3_numeric": "040",
    "region": "europe",
    "sub_region": "western_europe"
  },
  {
    "code": "AZ",
    "name": "Azerbaijan",
    "code_alpha3": "AZE",
    "code_alpha3_numeric": "031",
    "region": "asia",
    "sub_region": "western_asia"
  },
  {
    "code": "BH",
    "name": "Bahrain",
    "code_alpha3": "BHR",
    "code_alpha3_numeric": "048",
    "region": "asia",
    "sub_region": "western_asia"
  },
  {
    "code": "BD",
    "name": "Bangladesh",
    "code_alpha3": "BGD",
    "code_alpha3_numeric": "050",
    "region": "asia",
    "sub_region": "southern_asia"
  },
  {
    "code": "BB",
    "name": "Barbados",
    "code_alpha3": "BRB",
    "code_alpha3_numeric": "052",
    "region": "americas",
    "sub_region": "caribbean"
  },
  {
    "code": "BY",
    "name": "Belarus",
    "code_alpha3": "BLR",
    "code_alpha3_numeric": "112",
    "region": "europe",
    "sub_region": "eastern_europe"
  },
  {
    "code": "BE",
    "name": "Belgium",
    "code_alpha3": "BEL",
    "code_alpha3_numeric": "056",
    "region": "europe",
    "sub_region": "western_europe"
  },
  {
    "code": "BZ",
    "name": "Belize",
    "code_alpha3": "BLZ",
    "code_alpha3_numeric": "084",
    "region": "americas",
    "sub_region": "central_america"
  },
  {
    "code": "BJ",
    "name": "Benin",
    "code_alpha3": "BEN",
    "code_alpha3_numeric": "204",
    "region": "africa",
    "sub_region": "western_africa"
  },
  {
    "code": "BM",
    "name": "Bermuda",
    "code_alpha3": "BMU",
    "code_alpha3_numeric": "060",
    "region": "americas",
    "sub_region": "northern_america"
  },
  {
    "code": "BT",
    "name": "Bhutan",
    "code_alpha3": "BTN",
    "code_alpha3_numeric": "064",
    "region": "asia",
    "sub_region": "southern_asia"
  },
  {
    "code": "BO",
    "name": "Bolivia",
    "code_alpha3": "BOL",
    "code_alpha3_numeric": "068",
    "region": "americas",
    "sub_region": "south_america"
  },
  {
    "code": "BQ",
    "name": "Bonaire",
    "code_alpha3": "BES",
    "code_alpha3_numeric": "535",
    "region": "americas",
    "sub_region": "caribbean"
  },
  {
    "code": "BA",
    "name": "Bosnia and Herzegovina",
    "code_alpha3": "BIH",
    "code_alpha3_numeric": "070",
    "region": "europe",
    "sub_region": "southern_europe"
  },
  {
    "code": "BW",
    "name": "Botswana",
    "code_alpha3": "BWA",
    "code_alpha3_numeric": "072",
    "region": "africa",
    "sub_region": "southern_africa"
  },
  {
    "code": "BV",
    "name": "Bouvet Island",
    "code_alpha3": "BVT",
    "code_alpha3_numeric": "074",
    "region": null,
    "sub_region": null
  },
  {
    "code": "BR",
    "name": "Brazil",
    "code_alpha3": "BRA",
    "code_alpha3_numeric": "076",
    "region": "americas",
    "sub_region": "south_america"
  },
  {
    "code": "IO",
    "name": "British Indian Ocean Territory",
    "code_alpha3": "IOT",
    "code_alpha3_numeric": "086",
    "region": "africa",
    "sub_region": "eastern_africa"
  },
  {
    "code": "BN",
    "name": "Brunei",
    "code_alpha3": "BRN",
    "code_alpha3_numeric": "096",
    "region": "asia",
    "sub_region": "south_eastern_asia"
  },
  {
    "code": "BG",
    "name": "Bulgaria",
    "code_alpha3": "BGR",
    "code_alpha3_numeric": "100",
    "region": "europe",
    "sub_region": "eastern_europe"
  },
  {
    "code": "BF",
    "name": "Burkina Faso",
    "code_alpha3": "BFA",
    "code_alpha3_numeric": "854",
    "region": "africa",
    "sub_region": "western_africa"
  },
  {
    "code": "BI",
    "name": "Burundi",
    "code_alpha3": "BDI",
    "code_alpha3_numeric": "108",
    "region": "africa",
    "sub_region": "eastern_africa"
  },
  {
    "code": "KH",
    "name": "Cambodia",
    "code_alpha3": "KHM",
    "code_alpha3_numeric": "116",
    "region": "asia",
    "sub_region": "south_eastern_asia"
  },
  {
    "code": "CM",
    "name": "Cameroon",
    "code_alpha3": "CMR",
    "code_alpha3_numeric": "120",
    "region": "africa",
    "sub_region": "middle_africa"
  },
  {
    "code": "CA",
    "name": "Canada",
    "code_alpha3": "CAN",
    "code_alpha3_numeric": "124",
    "region": "americas",
    "sub_region": "northern_america"
  },
  {
    "code": "CV",
    "name": "Cape Verde",
    "code_alpha3": "CPV",
    "code_alpha3_numeric": "132",
    "region": "africa",
    "sub_region": "western_africa"
  },
  {
    "code": "KY",
    "name": "Cayman Islands",
    "code_alpha3": "CYM",
    "code_alpha3_numeric": "136",
    "region": "americas",
    "sub_region": "caribbean"
  },
  {
    "code": "CF",
    "name": "Central African Republic",
    "code_alpha3": "CAF",
    "code_alpha3_numeric": "140",
    "region": "africa",
    "sub_region": "middle_africa"
  },
  {
    "code": "TD",
    "name": "Chad",
    "code_alpha3": "TCD",
    "code_alpha3_numeric": "148",
    "region": "africa",
    "sub_region": "middle_africa"
  },
  {
    "code": "CL",
    "name": "Chile",
    "code_alpha3": "CHL",
    "code_alpha3_numeric": "152",
    "region": "americas",
    "sub_region": "south_america"
  },
  {
    "code": "CN",
    "name": "China",
    "code_alpha3": "CHN",
    "code_alpha3_numeric": "156",
    "region": "asia",
    "sub_region": "eastern_asia"
  },
  {
    "code": "CX",
    "name": "Christmas Island",
    "code_alpha3": "CXR",
    "code_alpha3_numeric": "162",
    "region": "oceania",
    "sub_region": "australiaand_new_zealand"
  },
  {
    "code": "CC",
    "name": "Cocos (Keeling) Islands",
    "code_alpha3": "CCK",
    "code_alpha3_numeric": "166",
    "region": "oceania",
    "sub_region": "australiaand_new_zealand"
  },
  {
    "code": "CO",
    "name": "Colombia",
    "code_alpha3": "COL",
    "code_alpha3_numeric": "170",
    "region": "americas",
    "sub_region": "south_america"
  },
  {
    "code": "KM",
    "name": "Comoros",
    "code_alpha3": "COM",
    "code_alpha3_numeric": "174",
    "region": "africa",
    "sub_region": "eastern_africa"
  },
  {
    "code": "CK",
    "name": "Cook Islands",
    "code_alpha3": "COK",
    "code_alpha3_numeric": "184",
    "region": "oceania",
    "sub_region": "polynesia"
  },
  {
    "code": "CR",
    "name": "Costa Rica",
    "code_alpha3": "CRI",
    "code_alpha3_numeric": "188",
    "region": "americas",
    "sub_region": "central_america"
  },
  {
    "code": "HR",
    "name": "Croatia",
    "code_alpha3": "HRV",
    "code_alpha3_numeric": "191",
    "region": "europe",
    "sub_region": "southern_europe"
  },
  {
    "code": "CU",
    "name": "Cuba",
    "code_alpha3": "CUB",
    "code_alpha3_numeric": "192",
    "region": "americas",
    "sub_region": "caribbean"
  },
  {
    "code": "CW",
    "name": "Curaçao",
    "code_alpha3": "CUW",
    "code_alpha3_numeric": "531",
    "region": "americas",
    "sub_region": "caribbean"
  },
  {
    "code": "CY",
    "name": "Cyprus",
    "code_alpha3": "CYP",
    "code_alpha3_numeric": "196",
    "region": "europe",
    "sub_region": "southern_europe"
  },
  {
    "code": "CZ",
    "name": "Czech Republic",
    "code_alpha3": "CZE",
    "code_alpha3_numeric": "203",
    "region": "europe",
    "sub_region": "eastern_europe"
  },
  {
    "code": "CD",
    "name": "Democratic Republic of the Congo",
    "code_alpha3": "COD",
    "code_alpha3_numeric": "180",
    "region": "africa",
    "sub_region": "middle_africa"
  },
  {
    "code": "DK",
    "name": "Denmark",
    "code_alpha3": "DNK",
    "code_alpha3_numeric": "208",
    "region": "europe",
    "sub_region": "northern_europe"
  },
  {
    "code": "DJ",
    "name": "Djibouti",
    "code_alpha3": "DJI",
    "code_alpha3_numeric": "262",
    "region": "africa",
    "sub_region": "eastern_africa"
  },
  {
    "code": "DM",
    "name": "Dominica",
    "code_alpha3": "DMA",
    "code_alpha3_numeric": "212",
    "region": "americas",
    "sub_region": "caribbean"
  },
  {
    "code": "DO",
    "name": "Dominican Republic",
    "code_alpha3": "DOM",
    "code_alpha3_numeric": "214",
    "region": "americas",
    "sub_region": "caribbean"
  },
  {
    "code": "TL",
    "name": "East Timor",
    "code_alpha3": "TLS",
    "code_alpha3_numeric": "626",
    "region": "asia",
    "sub_region": "south_eastern_asia"
  },
  {
    "code": "EC",
    "name": "Ecuador",
    "code_alpha3": "ECU",
    "code_alpha3_numeric": "218",
    "region": "americas",
    "sub_region": "south_america"
  },
  {
    "code": "EG",
    "name": "Egypt",
    "code_alpha3": "EGY",
    "code_alpha3_numeric": "818",
    "region": "africa",
    "sub_region": "northern_africa"
  },
  {
    "code": "SV",
    "name": "El Salvador",
    "code_alpha3": "SLV",
    "code_alpha3_numeric": "222",
    "region": "americas",
    "sub_region": "central_america"
  },
  {
    "code": "GQ",
    "name": "Equatorial Guinea",
    "code_alpha3": "GNQ",
    "code_alpha3_numeric": "226",
    "region": "africa",
    "sub_region": "middle_africa"
  },
  {
    "code": "ER",
    "name": "Eritrea",
    "code_alpha3": "ERI",
    "code_alpha3_numeric": "232",
    "region": "africa",
    "sub_region": "eastern_africa"
  },
  {
    "code": "EE",
    "name": "Estonia",
    "code_alpha3": "EST",
    "code_alpha3_numeric": "233",
    "region": "europe",
    "sub_region": "northern_europe"
  },
  {
    "code": "ET",
    "name": "Ethiopia",
    "code_alpha3": "ETH",
    "code_alpha3_numeric": "231",
    "region": "africa",
    "sub_region": "eastern_africa"
  },
  {
    "code": "FK",
    "name": "Falkland Islands",
    "code_alpha3": "FLK",
    "code_alpha3_numeric": "238",
    "region": "americas",
    "sub_region": "south_america"
  },
  {
    "code": "FO",
    "name": "Faroe Islands",
    "code_alpha3": "FRO",
    "code_alpha3_numeric": "234",
    "region": "europe",
    "sub_region": "northern_europe"
  },
  {
    "code": "FM",
    "name": "Federated States of Micronesia",
    "code_alpha3": "FSM",
    "code_alpha3_numeric": "583",
    "region": "oceania",
    "sub_region": "micronesia"
  },
  {
    "code": "FJ",
    "name": "Fiji",
    "code_alpha3": "FJI",
    "code_alpha3_numeric": "242",
    "region": "oceania",
    "sub_region": "melanesia"
  },
  {
    "code": "FI",
    "name": "Finland",
    "code_alpha3": "FIN",
    "code_alpha3_numeric": "246",
    "region": "europe",
    "sub_region": "northern_europe"
  },
  {
    "code": "FR",
    "name": "France",
    "code_alpha3": "FRA",
    "code_alpha3_numeric": "250",
    "region": "europe",
    "sub_region": "western_europe"
  },
  {
    "code": "GF",
    "name": "French Guiana",
    "code_alpha3": "GUF",
    "code_alpha3_numeric": "254",
    "region": "americas",
    "sub_region": "south_america"
  },
  {
    "code": "PF",
    "name": "French Polynesia",
    "code_alpha3": "PYF",
    "code_alpha3_numeric": "258",
    "region": "oceania",
    "sub_region": "polynesia"
  },
  {
    "code": "TF",
    "name": "French Southern and Antarctic Lands",
    "code_alpha3": "ATF",
    "code_alpha3_numeric": "260",
    "region": "africa",
    "sub_region": "southern_africa"
  },
  {
    "code": "GA",
    "name": "Gabon",
    "code_alpha3": "GAB",
    "code_alpha3_numeric": "266",
    "region": "africa",
    "sub_region": "middle_africa"
  },
  {
    "code": "GE",
    "name": "Georgia",
    "code_alpha3": "GEO",
    "code_alpha3_numeric": "268",
    "region": "asia",
    "sub_region": "western_asia"
  },
  {
    "code": "DE",
    "name": "Germany",
    "code_alpha3": "DEU",
    "code_alpha3_numeric": "276",
    "region": "europe",
    "sub_region": "western_europe"
  },
  {
    "code": "GH",
    "name": "Ghana",
    "code_alpha3": "GHA",
    "code_alpha3_numeric": "288",
    "region": "africa",
    "sub_region": "western_africa"
  },
  {
    "code": "GI",
    "name": "Gibraltar",
    "code_alpha3": "GIB",
    "code_alpha3_numeric": "292",
    "region": "europe",
    "sub_region": "southern_europe"
  },
  {
    "code": "GR",
    "name": "Greece",
    "code_alpha3": "GRC",
    "code_alpha3_numeric": "300",
    "region": "europe",
    "sub_region": "southern_europe"
  },
  {
    "code": "GL",
    "name": "Greenland",
    "code_alpha3": "GRL",
    "code_alpha3_numeric": "304",
    "region": "americas",
    "sub_region": "northern_america"
  },
  {
    "code": "GD",
    "name": "Grenada",
    "code_alpha3": "GRD",
    "code_alpha3_numeric": "308",
    "region": "americas",
    "sub_region": "caribbean"
  },
  {
    "code": "GP",
    "name": "Guadeloupe",
    "code_alpha3": "GLP",
    "code_alpha3_numeric": "312",
    "region": "americas",
    "sub_region": "caribbean"
  },
  {
    "code": "GU",
    "name": "Guam",
    "code_alpha3": "GUM",
    "code_alpha3_numeric": "316",
    "region": "oceania",
    "sub_region": "micronesia"
  },
  {
    "code": "GT",
    "name": "Guatemala",
    "code_alpha3": "GTM",
    "code_alpha3_numeric": "320",
    "region": "americas",
    "sub_region": "central_america"
  },
  {
    "code": "GG",
    "name": "Guernsey",
    "code_alpha3": "GGY",
    "code_alpha3_numeric": "831",
    "region": "europe",
    "sub_region": "northern_europe"
  },
  {
    "code": "GN",
    "name": "Guinea",
    "code_alpha3": "GIN",
    "code_alpha3_numeric": "324",
    "region": "africa",
    "sub_region": "western_africa"
  },
  {
    "code": "GW",
    "name": "Guinea-Bissau",
    "code_alpha3": "GNB",
    "code_alpha3_numeric": "624",
    "region": "africa",
    "sub_region": "western_africa"
  },
  {
    "code": "GY",
    "name": "Guyana",
    "code_alpha3": "GUY",
    "code_alpha3_numeric": "328",
    "region": "americas",
    "sub_region": "south_america"
  },
  {
    "code": "HT",
    "name": "Haiti",
    "code_alpha3": "HTI",
    "code_alpha3_numeric": "332",
    "region": "americas",
    "sub_region": "caribbean"
  },
  {
    "code": "HM",
    "name": "Heard Island and McDonald Islands",
    "code_alpha3": "HMD",
    "code_alpha3_numeric": "334",
    "region": null,
    "sub_region": null
  },
  {
    "code": "VA",
    "name": "Holy See",
    "code_alpha3": "VAT",
    "code_alpha3_numeric": "336",
    "region": "europe",
    "sub_region": "southern_europe"
  },
  {
    "code": "HN",
    "name": "Honduras",
    "code_alpha3": "HND",
    "code_alpha3_numeric": "340",
    "region": "americas",
    "sub_region": "central_america"
  },
  {
    "code": "HK",
    "name": "Hong Kong",
    "code_alpha3": "HKG",
    "code_alpha3_numeric": "344",
    "region": "asia",
    "sub_region": "eastern_asia"
  },
  {
    "code": "HU",
    "name": "Hungary",
    "code_alpha3": "HUN",
    "code_alpha3_numeric": "348",
    "region": "europe",
    "sub_region": "eastern_europe"
  },
  {
    "code": "IS",
    "name": "Iceland",
    "code_alpha3": "ISL",
    "code_alpha3_numeric": "352",
    "region": "europe",
    "sub_region": "northern_europe"
  },
  {
    "code": "IN",
    "name": "India",
    "code_alpha3": "IND",
    "code_alpha3_numeric": "356",
    "region": "asia",
    "sub_region": "southern_asia"
  },
  {
    "code": "ID",
    "name": "Indonesia",
    "code_alpha3": "IDN",
    "code_alpha3_numeric": "360",
    "region": "asia",
    "sub_region": "south_eastern_asia"
  },
  {
    "code": "IR",
    "name": "Iran",
    "code_alpha3": "IRN",
    "code_alpha3_numeric": "364",
    "region": "asia",
    "sub_region": "southern_asia"
  },
  {
    "code": "IQ",
    "name": "Iraq",
    "code_alpha3": "IRQ",
    "code_alpha3_numeric": "368",
    "region": "asia",
    "sub_region": "western_asia"
  },
  {
    "code": "IM",
    "name": "Isle of Man",
    "code_alpha3": "IMN",
    "code_alpha3_numeric": "833",
    "region": "europe",
    "sub_region": "northern_europe"
  },
  {
    "code": "IL",
    "name": "Israel",
    "code_alpha3": "ISR",
    "code_alpha3_numeric": "376",
    "region": "asia",
    "sub_region": "western_asia"
  },
  {
    "code": "IT",
    "name": "Italy",
    "code_alpha3": "ITA",
    "code_alpha3_numeric": "380",
    "region": "europe",
    "sub_region": "southern_europe"
  },
  {
    "code": "CI",
    "name": "Ivory Coast",
    "code_alpha3": "CIV",
    "code_alpha3_numeric": "384",
    "region": "africa",
    "sub_region": "western_africa"
  },
  {
    "code": "JM",
    "name": "Jamaica",
    "code_alpha3": "JAM",
    "code_alpha3_numeric": "388",
    "region": "americas",
    "sub_region": "caribbean"
  },
  {
    "code": "JP",
    "name": "Japan",
    "code_alpha3": "JPN",
    "code_alpha3_numeric": "392",
    "region": "asia",
    "sub_region": "eastern_asia"
  },
  {
    "code": "JE",
    "name": "Jersey",
    "code_alpha3": "JEY",
    "code_alpha3_numeric": "832",
    "region": "europe",
    "sub_region": "northern_europe"
  },
  {
    "code": "JO",
    "name": "Jordan",
    "code_alpha3": "JOR",
    "code_alpha3_numeric": "400",
    "region": "asia",
    "sub_region": "western_asia"
  },
  {
    "code": "KZ",
    "name": "Kazakhstan",
    "code_alpha3": "KAZ",
    "code_alpha3_numeric": "398",
    "region": "asia",
    "sub_region": "central_asia"
  },
  {
    "code": "KE",
    "name": "Kenya",
    "code_alpha3": "KEN",
    "code_alpha3_numeric": "404",
    "region": "africa",
    "sub_region": "eastern_africa"
  },
  {
    "code": "KI",
    "name": "Kiribati",
    "code_alpha3": "KIR",
    "code_alpha3_numeric": "296",
    "region": "oceania",
    "sub_region": "micronesia"
  },
  {
    "code": "KW",
    "name": "Kuwait",
    "code_alpha3": "KWT",
    "code_alpha3_numeric": "414",
    "region": "asia",
    "sub_region": "western_asia"
  },
  {
    "code": "KG",
    "name": "Kyrgyzstan",
    "code_alpha3": "KGZ",
    "code_alpha3_numeric": "417",
    "region": "asia",
    "sub_region": "central_asia"
  },
  {
    "code": "LA",
    "name": "Laos",
    "code_alpha3": "LAO",
    "code_alpha3_numeric": "418",
    "region": "asia",
    "sub_region": "south_eastern_asia"
  },
  {
    "code": "LV",
    "name": "Latvia",
    "code_alpha3": "LVA",
    "code_alpha3_numeric": "428",
    "region": "europe",
    "sub_region": "northern_europe"
  },
  {
    "code": "LB",
    "name": "Lebanon",
    "code_alpha3": "LBN",
    "code_alpha3_numeric": "422",
    "region": "asia",
    "sub_region": "western_asia"
  },
  {
    "code": "LS",
    "name": "Lesotho",
    "code_alpha3": "LSO",
    "code_alpha3_numeric": "426",
    "region": "africa",
    "sub_region": "southern_africa"
  },
  {
    "code": "LR",
    "name": "Liberia",
    "code_alpha3": "LBR",
    "code_alpha3_numeric": "430",
    "region": "africa",
    "sub_region": "western_africa"
  },
  {
    "code": "LY",
    "name": "Libya",
    "code_alpha3": "LBY",
    "code_alpha3_numeric": "434",
    "region": "africa",
    "sub_region": "northern_africa"
  },
  {
    "code": "LI",
    "name": "Liechtenstein",
    "code_alpha3": "LIE",
    "code_alpha3_numeric": "438",
    "region": "europe",
    "sub_region": "western_europe"
  },
  {
    "code": "LT",
    "name": "Lithuania",
    "code_alpha3": "LTU",
    "code_alpha3_numeric": "440",
    "region": "europe",
    "sub_region": "northern_europe"
  },
  {
    "code": "LU",
    "name": "Luxembourg",
    "code_alpha3": "LUX",
    "code_alpha3_numeric": "442",
    "region": "europe",
    "sub_region": "western_europe"
  },
  {
    "code": "MO",
    "name": "Macau",
    "code_alpha3": "MAC",
    "code_alpha3_numeric": "446",
    "region": "asia",
    "sub_region": "eastern_asia"
  },
  {
    "code": "MG",
    "name": "Madagascar",
    "code_alpha3": "MDG",
    "code_alpha3_numeric": "450",
    "region": "africa",
    "sub_region": "eastern_africa"
  },
  {
    "code": "MW",
    "name": "Malawi",
    "code_alpha3": "MWI",
    "code_alpha3_numeric": "454",
    "region": "africa",
    "sub_region": "eastern_africa"
  },
  {
    "code": "MY",
    "name": "Malaysia",
    "code_alpha3": "MYS",
    "code_alpha3_numeric": "458",
    "region": "asia",
    "sub_region": "south_eastern_asia"
  },
  {
    "code": "MV",
    "name": "Maldives",
    "code_alpha3": "MDV",
    "code_alpha3_numeric": "462",
    "region": "asia",
    "sub_region": "southern_asia"
  },
  {
    "code": "ML",
    "name": "Mali",
    "code_alpha3": "MLI",
    "code_alpha3_numeric": "466",
    "region": "africa",
    "sub_region": "western_africa"
  },
  {
    "code": "MT",
    "name": "Malta",
    "code_alpha3": "MLT",
    "code_alpha3_numeric": "470",
    "region": "europe",
    "sub_region": "southern_europe"
  },
  {
    "code": "MH",
    "name": "Marshall Islands",
    "code_alpha3": "MHL",
    "code_alpha3_numeric": "584",
    "region": "oceania",
    "sub_region": "micronesia"
  },
  {
    "code": "MQ",
    "name": "Martinique",
    "code_alpha3": "MTQ",
    "code_alpha3_numeric": "474",
    "region": "americas",
    "sub_region": "caribbean"
  },
  {
    "code": "MR",
    "name": "Mauritania",
    "code_alpha3": "MRT",
    "code_alpha3_numeric": "478",
    "region": "africa",
    "sub_region": "western_africa"
  },
  {
    "code": "MU",
    "name": "Mauritius",
    "code_alpha3": "MUS",
    "code_alpha3_numeric": "480",
    "region": "africa",
    "sub_region": "eastern_africa"
  },
  {
    "code": "YT",
    "name": "Mayotte",
    "code_alpha3": "MYT",
    "code_alpha3_numeric": "175",
    "region": "africa",
    "sub_region": "eastern_africa"
  },
  {
    "code": "MX",
    "name": "Mexico",
    "code_alpha3": "MEX",
    "code_alpha3_numeric": "484",
    "region": "americas",
    "sub_region": "central_america"
  },
  {
    "code": "MD",
    "name": "Moldova",
    "code_alpha3": "MDA",
    "code_alpha3_numeric": "498",
    "region": "europe",
    "sub_region": "eastern_europe"
  },
  {
    "code": "MC",
    "name": "Monaco",
    "code_alpha3": "MCO",
    "code_alpha3_numeric": "492",
    "region": "europe",
    "sub_region": "western_europe"
  },
  {
    "code": "MN",
    "name": "Mongolia",
    "code_alpha3": "MNG",
    "code_alpha3_numeric": "496",
    "region": "asia",
    "sub_region": "eastern_asia"
  },
  {
    "code": "ME",
    "name": "Montenegro",
    "code_alpha3": "MNE",
    "code_alpha3_numeric": "499",
    "region": "europe",
    "sub_region": "southern_europe"
  },
  {
    "code": "MS",
    "name": "Montserrat",
    "code_alpha3": "MSR",
    "code_alpha3_numeric": "500",
    "region": "americas",
    "sub_region": "caribbean"
  },
  {
    "code": "MA",
    "name": "Morocco",
    "code_alpha3": "MAR",
    "code_alpha3_numeric": "504",
    "region": "africa",
    "sub_region": "northern_africa"
  },
  {
    "code": "MZ",
    "name": "Mozambique",
    "code_alpha3": "MOZ",
    "code_alpha3_numeric": "508",
    "region": "africa",
    "sub_region": "eastern_africa"
  },
  {
    "code": "MM",
    "name": "Myanmar",
    "code_alpha3": "MMR",
    "code_alpha3_numeric": "104",
    "region": "asia",
    "sub_region": "south_eastern_asia"
  },
  {
    "code": "NA",
    "name": "Namibia",
    "code_alpha3": "NAM",
    "code_alpha3_numeric": "516",
    "region": "africa",
    "sub_region": "southern_africa"
  },
  {
    "code": "NR",
    "name": "Nauru",
    "code_alpha3": "NRU",
    "code_alpha3_numeric": "520",
    "region": "oceania",
    "sub_region": "micronesia"
  },
  {
    "code": "NP",
    "name": "Nepal",
    "code_alpha3": "NPL",
    "code_alpha3_numeric": "524",
    "region": "asia",
    "sub_region": "southern_asia"
  },
  {
    "code": "NL",
    "name": "Netherlands",
    "code_alpha3": "NLD",
    "code_alpha3_numeric": "528",
    "region": "europe",
    "sub_region": "western_europe"
  },
  {
    "code": "NC",
    "name": "New Caledonia",
    "code_alpha3": "NCL",
    "code_alpha3_numeric": "540",
    "region": "oceania",
    "sub_region": "melanesia"
  },
  {
    "code": "NZ",
    "name": "New Zealand",
    "code_alpha3": "NZL",
    "code_alpha3_numeric": "554",
    "region": "oceania",
    "sub_region": "australiaand_new_zealand"
  },
  {
    "code": "NI",
    "name": "Nicaragua",
    "code_alpha3": "NIC",
    "code_alpha3_numeric": "558",
    "region": "americas",
    "sub_region": "central_america"
  },
  {
    "code": "NE",
    "name": "Niger",
    "code_alpha3": "NER",
    "code_alpha3_numeric": "562",
    "region": "africa",
    "sub_region": "western_africa"
  },
  {
    "code": "NG",
    "name": "Nigeria",
    "code_alpha3": "NGA",
    "code_alpha3_numeric": "566",
    "region": "africa",
    "sub_region": "western_africa"
  },
  {
    "code": "NU",
    "name": "Niue",
    "code_alpha3": "NIU",
    "code_alpha3_numeric": "570",
    "region": "oceania",
    "sub_region": "polynesia"
  },
  {
    "code": "NF",
    "name": "Norfolk Island",
    "code_alpha3": "NFK",
    "code_alpha3_numeric": "574",
    "region": "oceania",
    "sub_region": "australiaand_new_zealand"
  },
  {
    "code": "MP",
    "name": "Northern Mariana Islands",
    "code_alpha3": "MNP",
    "code_alpha3_numeric": "580",
    "region": "oceania",
    "sub_region": "micronesia"
  },
  {
    "code": "KP",
    "name": "North Korea",
    "code_alpha3": "PRK",
    "code_alpha3_numeric": "408",
    "region": "asia",
    "sub_region": "eastern_asia"
  },
  {
    "code": "NO",
    "name": "Norway",
    "code_alpha3": "NOR",
    "code_alpha3_numeric": "578",
    "region": "europe",
    "sub_region": "northern_europe"
  },
  {
    "code": "OM",
    "name": "Oman",
    "code_alpha3": "OMN",
    "code_alpha3_numeric": "512",
    "region": "asia",
    "sub_region": "western_asia"
  },
  {
    "code": "PK",
    "name": "Pakistan",
    "code_alpha3": "PAK",
    "code_alpha3_numeric": "586",
    "region": "asia",
    "sub_region": "southern_asia"
  },
  {
    "code": "PW",
    "name": "Palau",
    "code_alpha3": "PLW",
    "code_alpha3_numeric": "585",
    "region": "oceania",
    "sub_region": "micronesia"
  },
  {
    "code": "PS",
    "name": "Palestine",
    "code_alpha3": "PSE",
    "code_alpha3_numeric": "275",
    "region": "asia",
    "sub_region": "western_asia"
  },
  {
    "code": "PA",
    "name": "Panama",
    "code_alpha3": "PAN",
    "code_alpha3_numeric": "591",
    "region": "americas",
    "sub_region": "central_america"
  },
  {
    "code": "PG",
    "name": "Papua New Guinea",
    "code_alpha3": "PNG",
    "code_alpha3_numeric": "598",
    "region": "oceania",
    "sub_region": "melanesia"
  },
  {
    "code": "PY",
    "name": "Paraguay",
    "code_alpha3": "PRY",
    "code_alpha3_numeric": "600",
    "region": "americas",
    "sub_region": "south_america"
  },
  {
    "code": "PE",
    "name": "Peru",
    "code_alpha3": "PER",
    "code_alpha3_numeric": "604",
    "region": "americas",
    "sub_region": "south_america"
  },
  {
    "code": "PH",
    "name": "Philippines",
    "code_alpha3": "PHL",
    "code_alpha3_numeric": "608",
    "region": "asia",
    "sub_region": "south_eastern_asia"
  },
  {
    "code": "PN",
    "name": "Pitcairn Islands",
    "code_alpha3": "PCN",
    "code_alpha3_numeric": "612",
    "region": "oceania",
    "sub_region": "polynesia"
  },
  {
    "code": "PL",
    "name": "Poland",
    "code_alpha3": "POL",
    "code_alpha3_numeric": "616",
    "region": "europe",
    "sub_region": "eastern_europe"
  },
  {
    "code": "PT",
    "name": "Portugal",
    "code_alpha3": "PRT",
    "code_alpha3_numeric": "620",
    "region": "europe",
    "sub_region": "southern_europe"
  },
  {
    "code": "PR",
    "name": "Puerto Rico",
    "code_alpha3": "PRI",
    "code_alpha3_numeric": "630",
    "region": "americas",
    "sub_region": "caribbean"
  },
  {
    "code": "QA",
    "name": "Qatar",
    "code_alpha3": "QAT",
    "code_alpha3_numeric": "634",
    "region": "asia",
    "sub_region": "western_asia"
  },
  {
    "code": "IE",
    "name": "Republic of Ireland",
    "code_alpha3": "IRL",
    "code_alpha3_numeric": "372",
    "region": "europe",
    "sub_region": "northern_europe"
  },
  {
    "code": "XK",
    "name": "Republic of Kosovo",
    "code_alpha3": "KOS",
    "code_alpha3_numeric": "926",
    "region": "europe",
    "sub_region": "eastern_europe"
  },
  {
    "code": "MK",
    "name": "Republic of Macedonia",
    "code_alpha3": "MKD",
    "code_alpha3_numeric": "807",
    "region": "europe",
    "sub_region": "southern_europe"
  },
  {
    "code": "CG",
    "name": "Republic of the Congo",
    "code_alpha3": "COG",
    "code_alpha3_numeric": "178",
    "region": "africa",
    "sub_region": "middle_africa"
  },
  {
    "code": "RE",
    "name": "Réunion",
    "code_alpha3": "REU",
    "code_alpha3_numeric": "638",
    "region": "africa",
    "sub_region": "eastern_africa"
  },
  {
    "code": "RO",
    "name": "Romania",
    "code_alpha3": "ROU",
    "code_alpha3_numeric": "642",
    "region": "europe",
    "sub_region": "eastern_europe"
  },
  {
    "code": "RU",
    "name": "Russia",
    "code_alpha3": "RUS",
    "code_alpha3_numeric": "643",
    "region": "europe",
    "sub_region": "eastern_europe"
  },
  {
    "code": "RW",
    "name": "Rwanda",
    "code_alpha3": "RWA",
    "code_alpha3_numeric": "646",
    "region": "africa",
    "sub_region": "eastern_africa"
  },
  {
    "code": "BL",
    "name": "Saint Barthélemy",
    "code_alpha3": "BLM",
    "code_alpha3_numeric": "652",
    "region": "americas",
    "sub_region": "caribbean"
  },
  {
    "code": "SH",
    "name": "Saint Helena",
    "code_alpha3": "SHN",
    "code_alpha3_numeric": "654",
    "region": "africa",
    "sub_region": "western_africa"
  },
  {
    "code": "KN",
    "name": "Saint Kitts and Nevis",
    "code_alpha3": "KNA",
    "code_alpha3_numeric": "659",
    "region": "americas",
    "sub_region": "caribbean"
  },
  {
    "code": "LC",
    "name": "Saint Lucia",
    "code_alpha3": "LCA",
    "code_alpha3_numeric": "662",
    "region": "americas",
    "sub_region": "caribbean"
  },
  {
    "code": "MF",
    "name": "Saint Martin",
    "code_alpha3": "MAF",
    "code_alpha3_numeric": "663",
    "region": "americas",
    "sub_region": "caribbean"
  },
  {
    "code": "PM",
    "name": "Saint Pierre and Miquelon",
    "code_alpha3": "SPM",
    "code_alpha3_numeric": "666",
    "region": "americas",
    "sub_region": "northern_america"
  },
  {
    "code": "VC",
    "name": "Saint Vincent and the Grenadines",
    "code_alpha3": "VCT",
    "code_alpha3_numeric": "670",
    "region": "americas",
    "sub_region": "caribbean"
  },
  {
    "code": "WS",
    "name": "Samoa",
    "code_alpha3": "WSM",
    "code_alpha3_numeric": "882",
    "region": "oceania",
    "sub_region": "polynesia"
  },
  {
    "code": "SM",
    "name": "San Marino",
    "code_alpha3": "SMR",
    "code_alpha3_numeric": "674",
    "region": "europe",
    "sub_region": "southern_europe"
  },
  {
    "code": "ST",
    "name": "São Tomé and Príncipe",
    "code_alpha3": "STP",
    "code_alpha3_numeric": "678",
    "region": "africa",
    "sub_region": "middle_africa"
  },
  {
    "code": "SA",
    "name": "Saudi Arabia",
    "code_alpha3": "SAU",
    "code_alpha3_numeric": "682",
    "region": "asia",
    "sub_region": "western_asia"
  },
  {
    "code": "SN",
    "name": "Senegal",
    "code_alpha3": "SEN",
    "code_alpha3_numeric": "686",
    "region": "africa",
    "sub_region": "western_africa"
  },
  {
    "code": "RS",
    "name": "Serbia",
    "code_alpha3": "SRB",
    "code_alpha3_numeric": "688",
    "region": "europe",
    "sub_region": "southern_europe"
  },
  {
    "code": "SC",
    "name": "Seychelles",
    "code_alpha3": "SYC",
    "code_alpha3_numeric": "690",
    "region": "africa",
    "sub_region": "eastern_africa"
  },
  {
    "code": "SL",
    "name": "Sierra Leone",
    "code_alpha3": "SLE",
    "code_alpha3_numeric": "694",
    "region": "africa",
    "sub_region": "western_africa"
  },
  {
    "code": "SG",
    "name": "Singapore",
    "code_alpha3": "SGP",
    "code_alpha3_numeric": "702",
    "region": "asia",
    "sub_region": "south_eastern_asia"
  },
  {
    "code": "SX",
    "name": "Sint Maarten",
    "code_alpha3": "SXM",
    "code_alpha3_numeric": "534",
    "region": "americas",
    "sub_region": "caribbean"
  },
  {
    "code": "SK",
    "name": "Slovakia",
    "code_alpha3": "SVK",
    "code_alpha3_numeric": "703",
    "region": "europe",
    "sub_region": "eastern_europe"
  },
  {
    "code": "SI",
    "name": "Slovenia",
    "code_alpha3": "SVN",
    "code_alpha3_numeric": "705",
    "region": "europe",
    "sub_region": "southern_europe"
  },
  {
    "code": "SB",
    "name": "Solomon Islands",
    "code_alpha3": "SLB",
    "code_alpha3_numeric": "090",
    "region": "oceania",
    "sub_region": "melanesia"
  },
  {
    "code": "SO",
    "name": "Somalia",
    "code_alpha3": "SOM",
    "code_alpha3_numeric": "706",
    "region": "africa",
    "sub_region": "eastern_africa"
  },
  {
    "code": "ZA",
    "name": "South Africa",
    "code_alpha3": "ZAF",
    "code_alpha3_numeric": "710",
    "region": "africa",
    "sub_region": "southern_africa"
  },
  {
    "code": "GS",
    "name": "South Georgia",
    "code_alpha3": "SGS",
    "code_alpha3_numeric": "239",
    "region": "americas",
    "sub_region": "south_america"
  },
  {
    "code": "KR",
    "name": "South Korea",
    "code_alpha3": "KOR",
    "code_alpha3_numeric": "410",
    "region": "asia",
    "sub_region": "eastern_asia"
  },
  {
    "code": "SS",
    "name": "South Sudan",
    "code_alpha3": "SSD",
    "code_alpha3_numeric": "728",
    "region": "africa",
    "sub_region": "middle_africa"
  },
  {
    "code": "ES",
    "name": "Spain",
    "code_alpha3": "ESP",
    "code_alpha3_numeric": "724",
    "region": "europe",
    "sub_region": "southern_europe"
  },
  {
    "code": "LK",
    "name": "Sri Lanka",
    "code_alpha3": "LKA",
    "code_alpha3_numeric": "144",
    "region": "asia",
    "sub_region": "southern_asia"
  },
  {
    "code": "SD",
    "name": "Sudan",
    "code_alpha3": "SDN",
    "code_alpha3_numeric": "729",
    "region": "africa",
    "sub_region": "northern_africa"
  },
  {
    "code": "SR",
    "name": "Suriname",
    "code_alpha3": "SUR",
    "code_alpha3_numeric": "740",
    "region": "americas",
    "sub_region": "south_america"
  },
  {
    "code": "SJ",
    "name": "Svalbard and Jan Mayen",
    "code_alpha3": "SJM",
    "code_alpha3_numeric": "744",
    "region": "europe",
    "sub_region": "northern_europe"
  },
  {
    "code": "SZ",
    "name": "Swaziland",
    "code_alpha3": "SWZ",
    "code_alpha3_numeric": "748",
    "region": "africa",
    "sub_region": "southern_africa"
  },
  {
    "code": "SE",
    "name": "Sweden",
    "code_alpha3": "SWE",
    "code_alpha3_numeric": "752",
    "region": "europe",
    "sub_region": "northern_europe"
  },
  {
    "code": "CH",
    "name": "Switzerland",
    "code_alpha3": "CHE",
    "code_alpha3_numeric": "756",
    "region": "europe",
    "sub_region": "western_europe"
  },
  {
    "code": "SY",
    "name": "Syria",
    "code_alpha3": "SYR",
    "code_alpha3_numeric": "760",
    "region": "asia",
    "sub_region": "western_asia"
  },
  {
    "code": "TW",
    "name": "Taiwan",
    "code_alpha3": "TWN",
    "code_alpha3_numeric": "158",
    "region": "asia",
    "sub_region": "eastern_asia"
  },
  {
    "code": "TJ",
    "name": "Tajikistan",
    "code_alpha3": "TJK",
    "code_alpha3_numeric": "762",
    "region": "asia",
    "sub_region": "central_asia"
  },
  {
    "code": "TZ",
    "name": "Tanzania",
    "code_alpha3": "TZA",
    "code_alpha3_numeric": "834",
    "region": "africa",
    "sub_region": "eastern_africa"
  },
  {
    "code": "TH",
    "name": "Thailand",
    "code_alpha3": "THA",
    "code_alpha3_numeric": "764",
    "region": "asia",
    "sub_region": "south_eastern_asia"
  },
  {
    "code": "BS",
    "name": "The Bahamas",
    "code_alpha3": "BHS",
    "code_alpha3_numeric": "044",
    "region": "americas",
    "sub_region": "caribbean"
  },
  {
    "code": "GM",
    "name": "The Gambia",
    "code_alpha3": "GMB",
    "code_alpha3_numeric": "270",
    "region": "africa",
    "sub_region": "western_africa"
  },
  {
    "code": "TG",
    "name": "Togo",
    "code_alpha3": "TGO",
    "code_alpha3_numeric": "768",
    "region": "africa",
    "sub_region": "western_africa"
  },
  {
    "code": "TK",
    "name": "Tokelau",
    "code_alpha3": "TKL",
    "code_alpha3_numeric": "772",
    "region": "oceania",
    "sub_region": "polynesia"
  },
  {
    "code": "TO",
    "name": "Tonga",
    "code_alpha3": "TON",
    "code_alpha3_numeric": "776",
    "region": "oceania",
    "sub_region": "polynesia"
  },
  {
    "code": "TT",
    "name": "Trinidad and Tobago",
    "code_alpha3": "TTO",
    "code_alpha3_numeric": "780",
    "region": "americas",
    "sub_region": "caribbean"
  },
  {
    "code": "TN",
    "name": "Tunisia",
    "code_alpha3": "TUN",
    "code_alpha3_numeric": "788",
    "region": "africa",
    "sub_region": "northern_africa"
  },
  {
    "code": "TR",
    "name": "Turkey",
    "code_alpha3": "TUR",
    "code_alpha3_numeric": "792",
    "region": "asia",
    "sub_region": "western_asia"
  },
  {
    "code": "TM",
    "name": "Turkmenistan",
    "code_alpha3": "TKM",
    "code_alpha3_numeric": "795",
    "region": "asia",
    "sub_region": "central_asia"
  },
  {
    "code": "TC",
    "name": "Turks and Caicos Islands",
    "code_alpha3": "TCA",
    "code_alpha3_numeric": "796",
    "region": "americas",
    "sub_region": "caribbean"
  },
  {
    "code": "TV",
    "name": "Tuvalu",
    "code_alpha3": "TUV",
    "code_alpha3_numeric": "798",
    "region": "oceania",
    "sub_region": "polynesia"
  },
  {
    "code": "UG",
    "name": "Uganda",
    "code_alpha3": "UGA",
    "code_alpha3_numeric": "800",
    "region": "africa",
    "sub_region": "eastern_africa"
  },
  {
    "code": "UA",
    "name": "Ukraine",
    "code_alpha3": "UKR",
    "code_alpha3_numeric": "804",
    "region": "europe",
    "sub_region": "eastern_europe"
  },
  {
    "code": "AE",
    "name": "United Arab Emirates",
    "code_alpha3": "ARE",
    "code_alpha3_numeric": "784",
    "region": "asia",
    "sub_region": "western_asia"
  },
  {
    "code": "GB",
    "name": "United Kingdom",
    "code_alpha3": "GBR",
    "code_alpha3_numeric": "826",
    "region": "europe",
    "sub_region": "northern_europe"
  },
  {
    "code": "US",
    "name": "United States",
    "code_alpha3": "USA",
    "code_alpha3_numeric": "840",
    "region": "americas",
    "sub_region": "northern_america"
  },
  {
    "code": "UM",
    "name": "United States Minor Outlying Islands",
    "code_alpha3": "UMI",
    "code_alpha3_numeric": "581",
    "region": "americas",
    "sub_region": "northern_america"
  },
  {
    "code": "UY",
    "name": "Uruguay",
    "code_alpha3": "URY",
    "code_alpha3_numeric": "858",
    "region": "americas",
    "sub_region": "south_america"
  },
  {
    "code": "UZ",
    "name": "Uzbekistan",
    "code_alpha3": "UZB",
    "code_alpha3_numeric": "860",
    "region": "asia",
    "sub_region": "central_asia"
  },
  {
    "code": "VU",
    "name": "Vanuatu",
    "code_alpha3": "VUT",
    "code_alpha3_numeric": "548",
    "region": "oceania",
    "sub_region": "melanesia"
  },
  {
    "code": "VE",
    "name": "Venezuela",
    "code_alpha3": "VEN",
    "code_alpha3_numeric": "862",
    "region": "americas",
    "sub_region": "south_america"
  },
  {
    "code": "VN",
    "name": "Vietnam",
    "code_alpha3": "VNM",
    "code_alpha3_numeric": "704",
    "region": "asia",
    "sub_region": "south_eastern_asia"
  },
  {
    "code": "VG",
    "name": "Virgin Islands (British)",
    "code_alpha3": "VGB",
    "code_alpha3_numeric": "092",
    "region": "americas",
    "sub_region": "caribbean"
  },
  {
    "code": "VI",
    "name": "Virgin Islands (U.S.)",
    "code_alpha3": "VIR",
    "code_alpha3_numeric": "850",
    "region": "americas",
    "sub_region": "caribbean"
  },
  {
    "code": "WF",
    "name": "Wallis and Futuna",
    "code_alpha3": "WLF",
    "code_alpha3_numeric": "876",
    "region": "oceania",
    "sub_region": "polynesia"
  },
  {
    "code": "EH",
    "name": "Western Sahara",
    "code_alpha3": "ESH",
    "code_alpha3_numeric": "732",
    "region": "africa",
    "sub_region": "northern_africa"
  },
  {
    "code": "YE",
    "name": "Yemen",
    "code_alpha3": "YEM",
    "code_alpha3_numeric": "887",
    "region": "asia",
    "sub_region": "western_asia"
  },
  {
    "code": "ZM",
    "name": "Zambia",
    "code_alpha3": "ZMB",
    "code_alpha3_numeric": "894",
    "region": "africa",
    "sub_region": "eastern_africa"
  },
  {
    "code": "ZW",
    "name": "Zimbabwe",
    "code_alpha3": "ZWE",
    "code_alpha3_numeric": "716",
    "region": "africa",
    "sub_region": "eastern_africa"
  },
  {
    "code": "AL",
    "name": "Albania",
    "code_alpha3": "ALB",
    "code_alpha3_numeric": "008",
    "region": "europe",
    "sub_region": "southern_europe"
  },
  {
    "code": "AF",
    "name": "Afghanistan",
    "code_alpha3": "AFG",
    "code_alpha3_numeric": "004",
    "region": "asia",
    "sub_region": "southern_asia"
  },
  {
    "code": "AX",
    "name": "Åland Islands",
    "code_alpha3": "ALA",
    "code_alpha3_numeric": "248",
    "region": "europe",
    "sub_region": "northern_europe"
  }
]